Actual Price,Linear Regression,Random Forest
8.99,7.50049519313302,9.56024999999999
8.35,7.791133998139685,8.22325
0.45,1.3652527232904959,0.44095000000000106
7.45,7.008953687770941,6.913250000000009
5.25,11.165010841765934,17.120950000000004
5.25,4.533817053166217,5.3112499999999905
5.85,8.491540864814851,6.6645000000000065
1.15,1.6991506464561326,1.1644999999999985
9.25,8.822631820435504,7.82275
0.38,-0.9632604256221384,0.31345000000000034
9.65,10.317871913396402,13.96585
0.16,-0.9705622675172663,0.2073999999999998
0.25,0.7234698624940847,0.24950000000000036
0.48,1.5342333014293672,0.4592500000000005
4.1,4.972951836585821,4.4545
4.5,5.044591646609547,5.380299999999997
0.51,1.2926896023060408,0.6042499999999982
1.2,1.850074805868644,1.1452499999999994
33.0,21.564458199665637,21.98164999999999
0.6,0.8661116124415003,0.5403499999999992
0.48,0.9295132641536838,0.5516999999999992
1.35,2.4491921350544317,2.505000000000001
5.25,5.58016408480546,6.287249999999995
1.05,0.2645756788202789,2.254249999999999
5.5,6.266934733827043,6.162000000000009
9.7,7.822338816693673,9.026200000000028
8.25,8.681460892998189,8.853800000000001
1.1,1.1731976246171598,1.152499999999999
4.5,4.8450249285057225,4.764900000000004
4.8,4.919959728609911,5.3104500000000066
3.25,3.264958647585786,3.4860000000000007
4.75,5.48547432858868,4.463749999999996
5.5,6.2751769485496425,6.128500000000007
3.0,2.7574250439276966,2.737249999999999
2.65,2.9032087421198867,3.2035
6.5,6.967894018495144,6.487000000000011
1.11,1.2630166312094389,1.1582500000000011
0.17,-4.987591082109816,0.16265000000000004
1.15,1.3775281387814857,1.1592499999999977
4.0,10.387989705493396,16.8187
5.5,7.10369319116046,6.887750000000008
12.5,9.039621342150099,9.223950000000004
1.05,1.6259428299047158,0.9203000000000015
1.5,4.021002932275792,3.5102000000000038
0.75,0.9736055870464497,0.5485499999999996
0.12,-2.141396789826331,0.1970000000000001
11.25,8.14295501718243,9.677700000000018
4.5,4.3744242973278915,4.779499999999991
4.5,5.650923825200948,3.9002499999999993
0.3,-0.5958070086857106,0.19869999999999982
0.55,0.6608501288035313,0.5953000000000015
0.25,0.2042630596691879,0.3281000000000003
2.5,10.201282228066816,17.26420000000001
12.9,9.452680698062068,10.015600000000006
6.25,7.2984463538737145,7.691150000000007
4.9,6.2539269830997455,6.915750000000008
3.75,3.715767078471572,3.191
4.15,3.4308515513143902,3.678249999999999
11.75,9.562502045120482,10.294400000000005
6.95,9.159703786105752,7.402999999999995
